{
	"format_version": "1.8.0",
	"animations": {
		"animation.feildcricket.animation": {
			"loop": true,
			"animation_length": 0.5,
			"bones": {
				"frontLegLeft": {
					"rotation": {
						"0.0": [0, 0, 0],
						"0.1667": [0, 31.5, 0],
						"0.2917": [15.57407, 32.46964, 28.95116],
						"0.375": [14.86561, -15.10494, 24.68222],
						"0.5": [0, 0, 0]
					},
					"position": [0, 0, 0],
					"scale": 1
				},
				"head": {
					"rotation": {
						"0.0": [0, -2.75, 0],
						"0.2083": [0, 2.5, 0],
						"0.5": [0, -2.75, 0]
					}
				},
				"tail": {
					"rotation": {
						"0.0": [0, -1, 0],
						"0.25": [0, 0.25, 0],
						"0.5": [0, -1, 0]
					}
				},
				"sideleftleg": {
					"rotation": {
						"0.0": [0, 38.25, 0],
						"0.1667": [0, -9.75, 0],
						"0.2917": [5.6636, -7.94936, -35.64384],
						"0.375": [8.93697, 33.37489, -44.64471],
						"0.5": [0, 38.25, 0]
					}
				},
				"frontleftleg": {
					"rotation": {
						"0.0": [0, 0, -26.25],
						"0.0833": [0, 21, -14.58333],
						"0.375": [0, 0, 0],
						"0.5": [0, 0, -26.25]
					},
					"position": [0, 0, 0],
					"scale": 1
				},
				"frontrightleg": {
					"rotation": {
						"0.0": [11.08943, -43.50503, 12.42143],
						"0.125": [3.1162, 1.79442, 8.23525],
						"0.2917": [0, 0, 0],
						"0.375": [0, 23, 0],
						"0.5": [11.08943, -43.50503, 12.42143]
					},
					"position": [0, 0, 0],
					"scale": 1
				},
				"bigleftleg": {
					"rotation": {
						"0.0": [-44.75, 0, 0],
						"0.1667": [0, 0, 0],
						"0.5": [-44.75, 0, 0]
					},
					"position": [0, 0, 0],
					"scale": 1
				},
				"bone": {
					"rotation": {
						"0.0": [32.75, 0, 0],
						"0.1667": [0, 0, 0],
						"0.5": [32.75, 0, 0]
					},
					"position": {
						"0.0": [0.05, 22.125, -1.575],
						"0.125": [0.01, 5.53, 2.16],
						"0.1667": [0, 0, 0],
						"0.2083": [0, 2.895, 1.4],
						"0.2917": [0.01, 8.36, 3.075],
						"0.4167": [0.03, 17.145, 1.705],
						"0.5": [0.05, 22.125, -1.575]
					},
					"scale": 1
				},
				"bone3": {
					"rotation": {
						"0.0": [74, 0, 0],
						"0.1667": [0, 0, 0],
						"0.5": [74, 0, 0]
					},
					"position": {
						"0.0": [0, 0.825, -1.35],
						"0.1667": [0, 0, 0],
						"0.5": [0, 0.825, -1.35]
					},
					"scale": 1
				},
				"bigrightleg": {
					"rotation": {
						"0.0": [0, 0, 0],
						"0.1667": [-31.5, 0, 0],
						"0.5": [0, 0, 0]
					},
					"position": {
						"0.0": [0, -0.47, -0.245],
						"0.1667": [0, 3.075, -2.475],
						"0.5": [0, -0.47, -0.245]
					}
				},
				"bone6": {
					"rotation": [0, 0, 0],
					"position": [0, 0, 0],
					"scale": 1
				},
				"bone7": {
					"rotation": {
						"0.0": [0, 0, 0],
						"0.1667": [55, 0, 0],
						"0.5": [0, 0, 0]
					},
					"position": {
						"0.0": [0, 0, 0],
						"0.5": [0, 0, 0]
					},
					"scale": {
						"0.0": [1, 1, 1],
						"0.5": [1, 1, 1]
					}
				},
				"bone8": {
					"rotation": {
						"0.0": [0, 0, 0],
						"0.5": [0, 0, 0]
					},
					"position": {
						"0.0": [0, 0, 0],
						"0.0833": [0, 8.125, 1.875],
						"0.1667": [0, 15.9, 0],
						"0.3333": [0, 8.2, 2.025],
						"0.5": [0, 0, 0]
					},
					"scale": {
						"0.0": [1, 1, 1],
						"0.5": [1, 1, 1]
					}
				},
				"upperbody": {
					"rotation": {
						"0.0": [0, -1.75, 0],
						"0.25": [0, -0.75, 0],
						"0.5": [0, -1.75, 0]
					}
				}
			}
		},
		"animation.feildcricket.idle": {
			"loop": true,
			"animation_length": 2.5,
			"bones": {
				"head": {
					"rotation": {
						"0.0": [0, 24.25, 0],
						"0.375": [0, -35.5, 0],
						"0.9167": [0, -35.5, 0],
						"1.9583": [0, 24.25, 0],
						"2.5": [0, 24.25, 0]
					}
				},
				"earRight": {
					"rotation": {
						"0.0": [0, 0, 0],
						"0.125": [0, 0, -7.25],
						"0.2917": [0, 0, -7.25],
						"0.5": [0, 0, 0]
					},
					"position": [0, 0, 0],
					"scale": 1
				},
				"earLeft": {
					"rotation": {
						"0.0": [0, 0, 0],
						"0.125": [-4.5, 0, 7.75],
						"0.2917": [-4.5, 0, 7.75],
						"0.5": [0, 0, 0],
						"1.4167": [0, 0, 0],
						"1.5417": [-4.5, 0, 7.75],
						"1.7083": [-4.5, 0, 7.75],
						"1.9167": [0, 0, 0]
					},
					"position": [0, 0, 0],
					"scale": 1
				}
			}
		},
		"animation.feildcricket.jump": {
			"loop": "hold_on_last_frame",
			"animation_length": 0.25,
			"bones": {
				"rearFootLeft": {
					"rotation": {
						"0.0": [0, 0, 0],
						"0.25": [0, 0, 0]
					},
					"position": {
						"0.0": [0, 0, 0],
						"0.25": [0, -0.65, 1.5]
					},
					"scale": {
						"0.0": [1, 1, 1],
						"0.25": [1, 1, 1]
					}
				},
				"backlegs": {
					"rotation": [0, 0, 0],
					"position": {
						"0.0": [0, 0, 0],
						"0.25": [0, -2.65, 0]
					},
					"scale": 1
				},
				"body": {
					"rotation": {
						"0.0": [0, 0, 0],
						"0.25": [-6.5, 0, 0]
					},
					"position": {
						"0.0": [0, 0, 0],
						"0.25": [0, -3.05, 0]
					},
					"scale": {
						"0.0": [1, 1, 1],
						"0.25": [1, 1, 1]
					}
				},
				"foot2": {
					"rotation": [0, 0, 0],
					"position": {
						"0.0": [0, 0, 0],
						"0.25": [0, 0, 0.975]
					},
					"scale": 1
				},
				"legtop2": {
					"rotation": [0, 0, 0],
					"position": {
						"0.0": [0, 0, 0],
						"0.25": [0, 0, 0.9]
					},
					"scale": 1
				},
				"fruntb": {
					"rotation": [0, 0, 0],
					"position": [0, 0, 0.925],
					"scale": 1
				},
				"head": {
					"rotation": {
						"0.0": [0, 0, 0],
						"0.25": [-14.75, 0, 0]
					},
					"position": [0, 0, 0],
					"scale": 1
				},
				"tail": {
					"rotation": {
						"0.0": [0, 0, 0],
						"0.25": [-17.5, 0, 0]
					},
					"position": {
						"0.0": [0, 0, 0],
						"0.25": [0, -2.8, 0]
					},
					"scale": 1
				},
				"footbackleft": {
					"rotation": [0, 0, 0],
					"position": {
						"0.0": [0, 0, 0],
						"0.25": [0, 0, 1.6]
					},
					"scale": 1
				},
				"legtop": {
					"rotation": [0, 0, 0],
					"position": {
						"0.0": [0, 0, 0],
						"0.25": [0, 0, 1.6]
					},
					"scale": 1
				},
				"legbotom": {
					"rotation": [0, 0, 0],
					"position": {
						"0.0": [0, 0, 0],
						"0.25": [0, 0, 1.6]
					},
					"scale": 1
				},
				"foot": {
					"rotation": [0, 0, 0],
					"position": {
						"0.0": [0, 0, 0],
						"0.25": [0, 0, 1.2]
					},
					"scale": 1
				},
				"frunttop": {
					"rotation": [0, 0, 0],
					"position": {
						"0.0": [0, 0, 0],
						"0.25": [0, 0, 1.4]
					},
					"scale": 1
				},
				"frontb": {
					"rotation": [0, 0, 0],
					"position": {
						"0.0": [0, 0, 0],
						"0.25": [0, 0, 1.275]
					},
					"scale": 1
				},
				"foot3": {
					"rotation": [0, 0, 0],
					"position": {
						"0.0": [0, 0, 0],
						"0.25": [0, 0, 1.5]
					},
					"scale": 1
				},
				"backtop": {
					"rotation": [0, 0, 0],
					"position": {
						"0.0": [0, 0, 0],
						"0.25": [0, 0, 1.4]
					},
					"scale": 1
				},
				"backbottom": {
					"rotation": [0, 0, 0],
					"position": {
						"0.0": [0, 0, 0],
						"0.25": [0, 0, 1.35]
					},
					"scale": 1
				},
				"backlegs2": {
					"rotation": [0, 0, 0],
					"position": {
						"0.0": [0, 0, 0],
						"0.25": [0, -2.675, 0]
					},
					"scale": 1
				},
				"upperbody": {
					"rotation": [0, 0, 0],
					"position": [0, 0, 0]
				}
			}
		}
	}
}