{
	"format_version": "1.8.0",
	"animations": {
		"animation.smilodon.idle": {
			"loop": true,
			"animation_length": 2.25,
			"bones": {
				"bone": {
					"rotation": [-2.5, 0, 0]
				},
				"bone2": {
					"rotation": [0, 0, 0]
				},
				"bone3": {
					"rotation": [0, 0, 0]
				},
				"bone6": {
					"rotation": {
						"0.0": [-30, 0, 0],
						"1.0833": [-25, 0, 0],
						"2.25": [-30, 0, 0]
					}
				},
				"bone7": {
					"rotation": {
						"0.0": [10, 0, 0],
						"1.0833": [5, 0, 0],
						"2.25": [10, 0, 0]
					}
				},
				"bone9": {
					"scale": [0.795, 1, 0.8925]
				}
			}
		},
		"animation.smilodon.attack": {
			"animation_length": 0.7083,
			"bones": {
				"bone": {
					"rotation": {
						"0.0": [-2.5, 0, 0],
						"0.2083": {
							"pre": [-27.5, 0, 0],
							"post": [-27.5, 0, 0],
							"lerp_mode": "catmullrom"
						},
						"0.4583": {
							"post": [11.75, 0, 0],
							"lerp_mode": "catmullrom"
						},
						"0.7083": [-2.5, 0, 0]
					},
					"position": {
						"0.0": [0, 0, 0],
						"0.2083": {
							"pre": [0, 3.325, -2.375],
							"post": [0, 3.325, -2.375],
							"lerp_mode": "catmullrom"
						},
						"0.4583": {
							"post": [0, -1.295, 1.63],
							"lerp_mode": "catmullrom"
						},
						"0.7083": [0, 0, 0]
					}
				},
				"bone2": {
					"rotation": {
						"0.0": [0, 0, 0],
						"0.2083": {
							"pre": [-117.22644, -22.52101, 11.14843],
							"post": [-117.22644, -22.52101, 11.14843],
							"lerp_mode": "catmullrom"
						},
						"0.4583": {
							"post": [37.52356, -22.52101, 11.14843],
							"lerp_mode": "catmullrom"
						},
						"0.7083": [0, 0, 0]
					},
					"position": {
						"0.0": [0, 0, 0],
						"0.2083": {
							"pre": [0, 2.4, 0],
							"post": [0, 2.4, 0],
							"lerp_mode": "catmullrom"
						},
						"0.4583": {
							"post": [0, -4.325, 0],
							"lerp_mode": "catmullrom"
						},
						"0.7083": [0, 0, 0]
					}
				},
				"bone3": {
					"rotation": {
						"0.0": [0, 0, 0],
						"0.7083": [0, 0, 0]
					}
				},
				"bone6": {
					"rotation": {
						"0.0": [-30, 0, 0],
						"0.2083": [-71, 0, 0],
						"0.7083": [-30, 0, 0]
					},
					"position": {
						"0.0": [0, 0, 0],
						"0.2083": [0, -2.625, 0],
						"0.7083": [0, 0, 0]
					}
				},
				"bone7": {
					"rotation": {
						"0.0": [10, 0, 0],
						"0.4583": [39.5, 0, 0],
						"0.7083": [10, 0, 0]
					},
					"position": {
						"0.0": [0, 0, 0],
						"0.2083": {
							"pre": [0, 5.15, 0],
							"post": [0, 5.15, 0],
							"lerp_mode": "catmullrom"
						},
						"0.4583": {
							"post": [0, -5.025, 0],
							"lerp_mode": "catmullrom"
						},
						"0.7083": [0, 0, 0]
					}
				},
				"bone9": {
					"scale": {
						"0.0": {
							"post": [0.795, 1, 0.8925],
							"lerp_mode": "catmullrom"
						},
						"0.7083": {
							"post": [0.795, 1, 0.8925],
							"lerp_mode": "catmullrom"
						}
					}
				},
				"bone5": {
					"rotation": {
						"0.0": [0, 0, 0],
						"0.2083": {
							"pre": [-115.60231, 30.31134, -6.83104],
							"post": [-115.60231, 30.31134, -6.83104],
							"lerp_mode": "catmullrom"
						},
						"0.4583": {
							"post": [43.89769, 30.31134, -6.83104],
							"lerp_mode": "catmullrom"
						},
						"0.7083": [0, 0, 0]
					},
					"position": {
						"0.0": [0, 0, 0],
						"0.2083": {
							"pre": [0, 3.15, 0],
							"post": [0, 3.15, 0],
							"lerp_mode": "catmullrom"
						},
						"0.4583": {
							"post": [0, -4.475, 0],
							"lerp_mode": "catmullrom"
						},
						"0.7083": [0, 0, 0]
					}
				},
				"bone8": {
					"rotation": {
						"0.0": {
							"post": [0, 0, 0],
							"lerp_mode": "catmullrom"
						},
						"0.2083": {
							"post": [33.75, 0, 0],
							"lerp_mode": "catmullrom"
						},
						"0.4583": {
							"post": [-1.25, 0, 0],
							"lerp_mode": "catmullrom"
						},
						"0.7083": {
							"post": [0, 0, 0],
							"lerp_mode": "catmullrom"
						}
					}
				}
			}
		},
		"animation.smilodon.sit": {
			"loop": true,
			"bones": {
				"bone": {
					"rotation": [0, 0, 19.75],
					"position": [0, -6, 0]
				},
				"bone2": {
					"rotation": [0, 0, 86.5],
					"position": [0, -13.925, 0]
				},
				"bone5": {
					"rotation": [-48.07439, 28.39375, 23.12495],
					"position": [5.975, -5.425, 1]
				},
				"bone3": {
					"rotation": [-12.5, 0, 91],
					"position": [0, -7.425, -2]
				},
				"bone4": {
					"rotation": [24.21832, 7.36973, 63.58325],
					"position": [2, -3.7, 0]
				},
				"bone6": {
					"rotation": [-80.75, 0, 0],
					"position": [2.075, -5, 0]
				},
				"bone7": {
					"rotation": [18.11295, -6.63016, 19.44203],
					"position": [1.275, -11.15, 0]
				}
			}
		},
		"animation.smilo.walk": {
			"loop": true,
			"animation_length": 1,
			"bones": {
				"bone": {
					"rotation": {
						"0.0": [0, 0, -5],
						"0.5": [0, 0, 12.5],
						"1.0": [0, 0, -5]
					}
				},
				"bone2": {
					"rotation": {
						"0.0": [7.5, 0, 0],
						"0.2083": {
							"pre": [-10, 0, 0],
							"post": [-10, 0, 0],
							"lerp_mode": "catmullrom"
						},
						"0.5": {
							"post": [0, 0, 0],
							"lerp_mode": "catmullrom"
						},
						"1.0": [7.5, 0, 0]
					},
					"position": {
						"0.0": [0, 0, 1],
						"0.2083": {
							"pre": [0, 0.75, -0.67],
							"post": [0, 0.75, -0.67],
							"lerp_mode": "catmullrom"
						},
						"0.5": {
							"post": [0, 0, -3],
							"lerp_mode": "catmullrom"
						},
						"1.0": [0, 0, 1]
					}
				},
				"bone5": {
					"rotation": {
						"0.0": [1, 0, 0],
						"0.5": {
							"pre": [10, 0, 0],
							"post": [10, 0, 0],
							"lerp_mode": "catmullrom"
						},
						"0.75": {
							"post": [-15.21955, -2.39688, 1.36348],
							"lerp_mode": "catmullrom"
						},
						"1.0": [1, 0, 0]
					},
					"position": {
						"0.0": [0, 0, -2],
						"0.5": {
							"pre": [0, 0, 1],
							"post": [0, 0, 1],
							"lerp_mode": "catmullrom"
						},
						"0.75": {
							"post": [0, 0.8, -0.75],
							"lerp_mode": "catmullrom"
						},
						"1.0": [0, 0, -2]
					}
				},
				"bone3": {
					"rotation": {
						"0.0": [-0.5, 0, 0],
						"0.5": {
							"pre": [15, 0, 0],
							"post": [15, 0, 0],
							"lerp_mode": "catmullrom"
						},
						"0.75": {
							"post": [-12.5, 0, 0],
							"lerp_mode": "catmullrom"
						},
						"1.0": [-0.5, 0, 0]
					},
					"position": {
						"0.0": [0, 0, -3],
						"0.5": {
							"pre": [0, 0, 1],
							"post": [0, 0, 1],
							"lerp_mode": "catmullrom"
						},
						"0.75": {
							"post": [0, 2.8, -1.33],
							"lerp_mode": "catmullrom"
						},
						"1.0": [0, 0, -3]
					}
				},
				"bone4": {
					"rotation": {
						"0.0": [12.5, 0, 0],
						"0.2083": {
							"pre": [-13.54, 0, 0],
							"post": [-13.54, 0, 0],
							"lerp_mode": "catmullrom"
						},
						"0.5": {
							"post": [-2.5, 0, 0],
							"lerp_mode": "catmullrom"
						},
						"1.0": [12.5, 0, 0]
					},
					"position": {
						"0.0": [0, 0, 1],
						"0.2083": {
							"pre": [0, 1.2, -0.67],
							"post": [0, 1.2, -0.67],
							"lerp_mode": "catmullrom"
						},
						"0.5": {
							"post": [0, 0, -3],
							"lerp_mode": "catmullrom"
						},
						"1.0": [0, 0, 1]
					}
				},
				"bone6": {
					"rotation": {
						"0.0": [-75.48918, 3.84097, -14.51082],
						"0.5": [-75.66499, -4.46375, 16.93839],
						"1.0": [-75.48918, 3.84097, -14.51082]
					}
				},
				"bone7": {
					"rotation": {
						"0.0": [15, 0, 0],
						"0.5": [10, 0, 0],
						"1.0": [15, 0, 0]
					},
					"position": [0, -0.6, -0.85]
				},
				"bone9": {
					"scale": [0.4, 1, 0.3]
				}
			}
		}
	}
}