{
	"format_version": "1.8.0",
	"animations": {
		"animation.bear_claw.item": {
			"animation_length": 2,
			"override_previous_animation": true,
			"bones": {
				"bone2": {
					"rotation": {
						"0.0": [
							0,
							0,
							0
						],
						"1.0": [
							0,
							0,
							0
						],
						"2.0": [
							0,
							0,
							0
						]
					}
				},
				"bone3": {
					"position": {
						"0.0": [
							0,
							0,
							0
						],
						"0.25": [
							0,
							0,
							0
						],
						"0.3333": [
							0,
							6,
							0
						]
					},
					"scale": {
						"0.0": [
							1,
							1,
							1
						],
						"0.25": [
							1,
							1,
							1
						],
						"0.3333": [
							0.6975,
							1,
							0.795
						]
					}
				}
			}
		},
		"animation.bear_claw.start_shoot": {
			"animation_length": 0.5833,
			"override_previous_animation": true,
			"bones": {
				"root": {
					"rotation": [
						0,
						"v.is_first_person?-180:0",
						0
					]
				},
				"leftArm": {
					"rotation": {
						"0.0": [
							0,
							0,
							0
						],
						"0.25": [
							-96.66561,
							3.18375,
							-88.61241
						],
						"0.3333": [
							-96.66561,
							3.18375,
							-88.61241
						],
						"0.4167": [
							-96.66561,
							3.18375,
							-88.61241
						],
						"0.5833": [
							0,
							0,
							0
						]
					},
					"position": {
						"0.0": [
							0,
							0,
							0
						],
						"0.25": [
							0,
							0,
							0
						],
						"0.3333": [
							0,
							0,
							2.175
						],
						"0.4167": [
							0,
							0,
							0
						],
						"0.5": [
							0,
							0,
							0
						],
						"0.5833": [
							0,
							0,
							0
						]
					}
				},
				"bone3": {
					"position": {
						"0.0": [
							0,
							0,
							0
						],
						"0.25": [
							0,
							0,
							0
						],
						"0.3333": [
							0,
							6,
							0
						]
					},
					"scale": {
						"0.0": [
							1,
							1,
							1
						],
						"0.25": [
							1,
							1,
							1
						],
						"0.3333": [
							0.6975,
							1,
							0.795
						]
					}
				}
			}
		}
	}
}