{
	"format_version": "1.8.0",
	"animations": {
		"animation.crab2.walk": {
			"loop": true,
			"animation_length": 0.66667,
			"bones": {
				"leg": {
					"rotation": {
						"0.0": [0, 0, 0],
						"0.2917": [-17.5, 0, 0],
						"0.5833": [0, 0, 0]
					}
				},
				"leg2": {
					"rotation": {
						"0.0": [-22.5, 0, 0],
						"0.25": [0, 0, 0],
						"0.5417": [-22.5, 0, 0]
					}
				},
				"leg3": {
					"rotation": {
						"0.0": [0, 0, 0],
						"0.2917": [-15, 0, 0],
						"0.5833": [0, 0, 0]
					}
				},
				"leg4": {
					"rotation": {
						"0.0": [-17.5, 0, 0],
						"0.2917": [0, 0, 0],
						"0.5833": [-17.5, 0, 0]
					}
				},
				"leg5": {
					"rotation": {
						"0.0": [12.5, 0, 0],
						"0.2917": [0, 0, 0],
						"0.5833": [12.5, 0, 0]
					}
				},
				"leg6": {
					"rotation": {
						"0.0": [0, 0, 0],
						"0.2917": [17.5, 0, 0],
						"0.5833": [0, 0, 0]
					}
				},
				"leg7": {
					"rotation": {
						"0.0": [17.5, 0, 0],
						"0.3333": [0, 0, 0],
						"0.66667": [17.5, 0, 0]
					}
				},
				"leg8": {
					"rotation": {
						"0.0": [0, 0, 0],
						"0.2917": [15, 0, 0],
						"0.625": [0, 0, 0]
					}
				}
			}
		},
		"animation.crab2.claws": {
			"animation_length": 0.5,
			"bones": {
				"bottomclaw2": {
					"rotation": {
						"0.0": [0, 0, 6.25],
						"0.25": [0, 0, -20.75],
						"0.5": [0, 0, 6.25]
					},
					"position": {
						"0.0": [0, 0.125, 0],
						"0.25": [-0.325, -0.345, 0],
						"0.5": [0, 0.125, 0]
					}
				},
				"topclaw2": {
					"rotation": {
						"0.0": [0, 0, -5.5],
						"0.25": [0, 0, 8.25],
						"0.5": [0, 0, -5.5]
					},
					"position": {
						"0.0": [0, -0.075, 0],
						"0.25": [0, -0.005, 0],
						"0.5": [0, -0.075, 0]
					}
				}
			}
		},
		"animation.crab2.claw2": {
			"animation_length": 0.5,
			"bones": {
				"topclaw": {
					"rotation": {
						"0.0": [0, 0, -5.5],
						"0.25": [0, 0, 8.25],
						"0.5": [0, 0, -5.5]
					},
					"position": {
						"0.0": [0, -0.075, 0],
						"0.25": [0, -0.005, 0],
						"0.5": [0, -0.075, 0]
					}
				},
				"bottomclaw": {
					"rotation": {
						"0.0": [0, 0, 6.25],
						"0.25": [0, 0, -20.75],
						"0.5": [0, 0, 6.25]
					},
					"position": {
						"0.0": [0, 0.125, 0],
						"0.25": [-0.325, -0.345, 0],
						"0.5": [0, 0.125, 0]
					}
				}
			}
		}
	}
}