{
	"format_version": "1.12.0",
	"minecraft:geometry": [
		{
			"description": {
				"identifier": "geometry.red_butterfly4",
				"texture_width": 128,
				"texture_height": 128,
				"visible_bounds_width": 6,
				"visible_bounds_height": 4,
				"visible_bounds_offset": [0, 1, 0]
			},
			"bones": [
				{
					"name": "body",
					"pivot": [0.1, 2.875, 0],
					"cubes": [
						{
							"origin": [-0.0975, 3.033, -0.395],
							"size": [0.316, 0.237, 0.79],
							"uv": {
								"north": {"uv": [6.03774, 8.76712], "uv_size": [2.41509, 2.63014]},
								"east": {"uv": [18.59623, 0], "uv_size": [48.90566, 14.50685]},
								"south": {"uv": [27.76981, 83.07945], "uv_size": [-13.88679, -25.13973]},
								"west": {"uv": [18.59623, 0], "uv_size": [48.90566, 14.65205]},
								"up": {"uv": [0, 0], "uv_size": [18.41509, 68.5589]},
								"down": {"uv": [67.50189, 15.0411], "uv_size": [-48.90566, -15.0411]}
							}
						},
						{
							"origin": [0.0605, 2.8276, -0.237],
							"size": [0.158, 0.237, 0.079],
							"pivot": [0.2185, 2.48, 0],
							"rotation": [7.5, 0, 0],
							"uv": {
								"north": {"uv": [39.54528, 72.69041], "uv_size": [-10.26415, 15.23288]},
								"east": {"uv": [47.09434, 121.86301], "uv_size": [10.26415, 6.13699]},
								"south": {"uv": [47.09434, 121.86301], "uv_size": [10.26415, 6.13699]},
								"west": {"uv": [47.09434, 121.86301], "uv_size": [10.26415, 6.13699]},
								"up": {"uv": [57.35849, 128], "uv_size": [-10.26415, -6.13699]},
								"down": {"uv": [57.35849, 128], "uv_size": [-10.26415, -6.13699]}
							}
						},
						{
							"origin": [-0.0975, 2.8039, 0],
							"size": [0.158, 0.237, 0.079],
							"pivot": [0.0605, 2.48, 0],
							"rotation": [7.5, 0, 0],
							"uv": {
								"north": {"uv": [29.28113, 72.69041], "uv_size": [10.26415, 15.23288]},
								"east": {"uv": [47.09434, 121.86301], "uv_size": [10.26415, 6.13699]},
								"south": {"uv": [47.09434, 121.86301], "uv_size": [10.26415, 6.13699]},
								"west": {"uv": [47.09434, 121.86301], "uv_size": [10.26415, 6.13699]},
								"up": {"uv": [57.35849, 128], "uv_size": [-10.26415, -6.13699]},
								"down": {"uv": [57.35849, 128], "uv_size": [-10.26415, -6.13699]}
							}
						},
						{
							"origin": [-0.0975, 2.7723, 0.237],
							"size": [0.158, 0.237, 0.079],
							"pivot": [0.0605, 2.48, 0],
							"rotation": [7.5, 0, 0],
							"uv": {
								"north": {"uv": [29.28113, 72.69041], "uv_size": [10.26415, 15.23288]},
								"east": {"uv": [47.09434, 122.73973], "uv_size": [0.60377, 2.63014]},
								"south": {"uv": [50.71698, 122.73973], "uv_size": [2.41509, 2.63014]},
								"west": {"uv": [50.11321, 122.73973], "uv_size": [0.60377, 2.63014]},
								"up": {"uv": [47.69811, 121.86301], "uv_size": [2.41509, 0.87671]},
								"down": {"uv": [50.11321, 122.73973], "uv_size": [2.41509, -0.87671]}
							}
						},
						{
							"origin": [-0.0975, 2.9935, -0.632],
							"size": [0.316, 0.316, 0.237],
							"uv": {
								"north": {"uv": [43.4717, 57.92877], "uv_size": [19.26038, 19.18082]},
								"east": {"uv": [28.8, 52.90137], "uv_size": [14.49057, 18.76164]},
								"south": {"uv": [43.4283, 42.84658], "uv_size": [-14.42075, 10.3726]},
								"west": {"uv": [43.29057, 52.90137], "uv_size": [-14.49057, 18.76164]},
								"up": {"uv": [43.3717, 42.79452], "uv_size": [19.32075, 14.8137]},
								"down": {"uv": [46.00755, 128], "uv_size": [12.92075, -14.72877]}
							}
						},
						{
							"origin": [-0.0738, 3.05275, 0.395],
							"size": [0.2686, 0.1975, 0.316],
							"uv": {
								"north": {"uv": [33.49057, 33.61644], "uv_size": [-14.43019, -18.61918]},
								"east": {"uv": [67.09057, 23.30685], "uv_size": [-18.33019, -7.87397]},
								"south": {"uv": [33.49057, 33.61644], "uv_size": [-14.43019, -18.61918]},
								"west": {"uv": [67.09057, 23.30685], "uv_size": [-18.33019, -7.87397]},
								"up": {"uv": [19.06038, 14.99726], "uv_size": [14.43019, 18.61918]},
								"down": {"uv": [34.06038, 16.30411], "uv_size": [14.43019, 17.45753]}
							}
						},
						{
							"origin": [-0.09355, 3.04485, 0.65175],
							"size": [0.3081, 0.22515, 0.6715],
							"uv": {
								"north": {"uv": [27.76981, 83.07945], "uv_size": [-13.88679, -25.13973]},
								"east": {"uv": [35.51698, 33.70411], "uv_size": [21.84151, 8.94521]},
								"south": {"uv": [27.76981, 83.07945], "uv_size": [-13.88679, -25.13973]},
								"west": {"uv": [57.35849, 33.70411], "uv_size": [-21.84151, 8.94521]},
								"up": {"uv": [14, 47.78082], "uv_size": [13.88679, 37.23836]},
								"down": {"uv": [14, 85.6], "uv_size": [13.88679, -37.81918]}
							}
						},
						{
							"origin": [-0.0738, 3.0725, 1.32325],
							"size": [0.2686, 0.17775, 0.29625],
							"uv": {
								"north": {"uv": [27.76981, 83.07945], "uv_size": [-13.88679, -25.13973]},
								"east": {"uv": [27.76981, 83.07945], "uv_size": [-13.88679, -25.13973]},
								"south": {"uv": [27.76981, 83.07945], "uv_size": [-13.88679, -25.13973]},
								"west": {"uv": [27.76981, 83.07945], "uv_size": [-13.88679, -25.13973]},
								"up": {"uv": [13.88302, 57.93973], "uv_size": [13.88679, 25.13973]},
								"down": {"uv": [13.88302, 57.93973], "uv_size": [13.88679, 25.13973]}
							}
						},
						{
							"origin": [-0.0975, 3.27, -0.869],
							"size": [0.079, 0.316, 0.237],
							"pivot": [0.0605, 2.48, 0],
							"rotation": [0, 0, 10],
							"uv": {
								"north": {"uv": [36.83019, 126.24658], "uv_size": [0.60377, 3.50685]},
								"east": {"uv": [36.83019, 126.24658], "uv_size": [0.60377, 3.50685]},
								"south": {"uv": [36.83019, 123.61644], "uv_size": [0.60377, 3.50685]},
								"west": {"uv": [58.08302, 25.19452], "uv_size": [14.43019, 17.36712]},
								"up": {"uv": [34.41509, 120.9863], "uv_size": [0.60377, 2.63014]},
								"down": {"uv": [35.01887, 123.61644], "uv_size": [0.60377, -2.63014]}
							}
						},
						{
							"origin": [0.1395, 3.27, -0.869],
							"size": [0.079, 0.316, 0.237],
							"pivot": [0.0605, 2.48, 0],
							"rotation": [0, 0, -10],
							"uv": {
								"north": {"uv": [36.83019, 126.24658], "uv_size": [0.60377, 3.50685]},
								"east": {"uv": [72.51321, 25.19452], "uv_size": [-14.43019, 17.36712]},
								"south": {"uv": [39.24528, 126.24658], "uv_size": [0.60377, 3.50685]},
								"west": {"uv": [37.43396, 126.24658], "uv_size": [1.81132, 3.50685]},
								"up": {"uv": [36.83019, 123.61644], "uv_size": [0.60377, 2.63014]},
								"down": {"uv": [37.43396, 126.24658], "uv_size": [0.60377, -2.63014]}
							}
						},
						{
							"origin": [-0.0185, 2.8039, -0.869],
							"size": [0.079, 0.316, 0.237],
							"uv": {
								"north": {"uv": [59.16981, 117.47945], "uv_size": [4.83019, 7.0137]},
								"east": {"uv": [58.56604, 119.23288], "uv_size": [4.83019, 7.0137]},
								"south": {"uv": [58.56604, 118.35616], "uv_size": [4.83019, 7.0137]},
								"west": {"uv": [67.62264, 0], "uv_size": [13.28302, 28.05479]},
								"up": {"uv": [64, 126.24658], "uv_size": [-4.83019, -7.0137]},
								"down": {"uv": [62.79245, 126.24658], "uv_size": [-4.83019, -7.0137]}
							}
						},
						{
							"origin": [-0.0975, 2.8276, -0.237],
							"size": [0.158, 0.237, 0.079],
							"pivot": [0.0605, 2.48, 0],
							"rotation": [7.5, 0, 0],
							"uv": {
								"north": {"uv": [29.28113, 72.69041], "uv_size": [10.26415, 15.23288]},
								"east": {"uv": [47.09434, 121.86301], "uv_size": [10.26415, 6.13699]},
								"south": {"uv": [47.09434, 121.86301], "uv_size": [10.26415, 6.13699]},
								"west": {"uv": [47.09434, 121.86301], "uv_size": [10.26415, 6.13699]},
								"up": {"uv": [57.35849, 128], "uv_size": [-10.26415, -6.13699]},
								"down": {"uv": [57.35849, 128], "uv_size": [-10.26415, -6.13699]}
							}
						},
						{
							"origin": [0.0605, 2.8039, 0],
							"size": [0.158, 0.237, 0.079],
							"pivot": [0.2185, 2.48, 0],
							"rotation": [7.5, 0, 0],