{
	"format_version": "1.16.0",
	"minecraft:geometry": [
		{
			"description": {
				"identifier": "geometry.armadillo_mask",
				"texture_width": 16,
				"texture_height": 16,
				"visible_bounds_width": 3,
				"visible_bounds_height": 4.5,
				"visible_bounds_offset": [0, 1.75, 0]
			},
			"bones": [
				{
					"name": "head",
					"pivot": [-0.025, 27.80195, -3.15336],
					"rotation": [-67.25, 0, 0],
					"binding": "'head'",
					"cubes": [
						{
							"origin": [-5.025, 27.07524, -7.99727],
							"size": [10, 10, 9],
							"pivot": [2.475, 28.95, -5.925],
							"rotation": [-22.7, 0, 0],
							"uv": {
								"north": {"uv": [2.00167, 7.06], "uv_size": [2.965, 4.915]},
								"east": {"uv": [0, 7.035], "uv_size": [1.945, 4.94]},
								"south": {"uv": [6.99167, 7.02], "uv_size": [2.89167, 4.83]},
								"west": {"uv": [5.00833, 6.99167], "uv_size": [1.96833, 5]},
								"up": {"uv": [1.99167, 5], "uv_size": [2.97667, 2.02167]},
								"down": {"uv": [4.96667, 6.995], "uv_size": [2.975, -1.995]}
							}
						},
						{
							"origin": [-10.03317, 28.70014, -4.80316],
							"size": [5, 11, 0.05],
							"pivot": [-5.84776, 33.85165, -4.50446],
							"rotation": [56.85814, -12.75978, -18.68882],
							"uv": {
								"north": {"uv": [5.98167, 0], "uv_size": [-1.99833, 3.935]},
								"east": {"uv": [10, 1], "uv_size": [1, 5]},
								"south": {"uv": [3.98334, 0], "uv_size": [1.99833, 3.935]},
								"west": {"uv": [10, 1], "uv_size": [1, 5]},
								"up": {"uv": [8, 3], "uv_size": [2, 1]},
								"down": {"uv": [8, 3], "uv_size": [2, 1]}
							}
						},
						{
							"origin": [4.93001, 28.15895, -5.47577],
							"size": [5, 12, 0.1],
							"pivot": [4.89888, 34.82642, -5.37472],
							"rotation": [54.4222, 13.5495, 18.13436],
							"uv": {
								"north": {"uv": [1.98667, 0], "uv_size": [-1.98667, 4.005]},
								"east": {"uv": [9, 1], "uv_size": [1, 5]},
								"south": {"uv": [0, 0], "uv_size": [1.98667, 4.005]},
								"west": {"uv": [9, 1], "uv_size": [1, 5]},
								"up": {"uv": [9, 2], "uv_size": [2, 1]},
								"down": {"uv": [7, 2], "uv_size": [2, 1]}
							}
						}
					]
				}
			]
		}
	]
}