{
	"format_version": "1.12.0",
	"minecraft:geometry": [
		{
			"description": {
				"identifier": "geometry.sniffer_roof",
				"texture_width": 128,
				"texture_height": 128,
				"visible_bounds_width": 3,
				"visible_bounds_height": 2.5,
				"visible_bounds_offset": [0, 0.75, 0]
			},
			"bones": [
				{
					"name": "bone",
					"pivot": [0, 28.175, 14.95],
					"cubes": [
						{
							"origin": [-3.25, 6.475, -0.5],
							"size": [6.5, 9, 5.5],
							"uv": {
								"north": {"uv": [12.66667, 17.33333], "uv_size": [8.66667, 12]},
								"east": {"uv": [5.33333, 17.33333], "uv_size": [7.33333, 12]},
								"south": {"uv": [28.66667, 17.33333], "uv_size": [8.66667, 12]},
								"west": {"uv": [21.33333, 17.33333], "uv_size": [7.33333, 12]},
								"up": {"uv": [12.66667, 10], "uv_size": [8.66667, 7.33333]},
								"down": {"uv": [21.33333, 17.33333], "uv_size": [8.66667, -7.33333]}
							}
						},
						{
							"origin": [-3.25, 7.975, -0.5],
							"size": [6.5, 0, 5.5],
							"uv": {
								"north": {"uv": [12.66667, 10], "uv_size": [8.66667, 0]},
								"east": {"uv": [5.33333, 10], "uv_size": [7.33333, 0]},
								"south": {"uv": [28.66667, 10], "uv_size": [8.66667, 0]},
								"west": {"uv": [21.33333, 10], "uv_size": [7.33333, 0]},
								"up": {"uv": [12.66667, 2.66667], "uv_size": [8.66667, 7.33333]},
								"down": {"uv": [21.33333, 10], "uv_size": [8.66667, -7.33333]}
							}
						},
						{
							"origin": [3.2, 5.975, 1.5],
							"size": [0.5, 9.5, 3.5],
							"uv": {
								"north": {"uv": [6, 4.66667], "uv_size": [0.66667, 12.66667]},
								"east": {"uv": [1.33333, 4.66667], "uv_size": [4.66667, 12.66667]},
								"south": {"uv": [11.33333, 4.66667], "uv_size": [0.66667, 12.66667]},
								"west": {"uv": [6.66667, 4.66667], "uv_size": [4.66667, 12.66667]},
								"up": {"uv": [6, 0], "uv_size": [0.66667, 4.66667]},
								"down": {"uv": [6.66667, 4.66667], "uv_size": [0.66667, -4.66667]}
							}
						},
						{
							"origin": [-3.7, 5.975, 1.5],
							"size": [0.5, 9.5, 3.5],
							"uv": {
								"north": {"uv": [36.66667, 4.66667], "uv_size": [0.66667, 12.66667]},
								"east": {"uv": [32, 4.66667], "uv_size": [4.66667, 12.66667]},
								"south": {"uv": [42, 4.66667], "uv_size": [0.66667, 12.66667]},
								"west": {"uv": [37.33333, 4.66667], "uv_size": [4.66667, 12.66667]},
								"up": {"uv": [36.66667, 0], "uv_size": [0.66667, 4.66667]},
								"down": {"uv": [37.33333, 4.66667], "uv_size": [0.66667, -4.66667]}
							}
						},
						{
							"origin": [-3.25, 13.975, -5],
							"size": [6.5, 1, 4.5],
							"uv": {
								"north": {"uv": [12.66667, 36], "uv_size": [8.66667, 1.33333]},
								"east": {"uv": [6.66667, 36], "uv_size": [6, 1.33333]},
								"south": {"uv": [27.33333, 36], "uv_size": [8.66667, 1.33333]},
								"west": {"uv": [21.33333, 36], "uv_size": [6, 1.33333]},
								"up": {"uv": [12.66667, 30], "uv_size": [8.66667, 6]},
								"down": {"uv": [21.33333, 36], "uv_size": [8.66667, -6]}
							}
						},
						{
							"origin": [-3.25, 7.975, -5],
							"size": [6.5, 6, 4.5],
							"uv": {
								"north": {"uv": [12.66667, 44], "uv_size": [8.66667, 8]},
								"east": {"uv": [6.66667, 44], "uv_size": [6, 8]},
								"south": {"uv": [27.33333, 44], "uv_size": [8.66667, 8]},
								"west": {"uv": [21.33333, 44], "uv_size": [6, 8]},
								"up": {"uv": [12.66667, 38], "uv_size": [8.66667, 6]},
								"down": {"uv": [21.33333, 44], "uv_size": [8.66667, -6]}
							}
						}
					]
				}
			]
		}
	]
}