{
	"format_version": "1.8.0",
	"animations": {
		"animation.demon_knife.fpp_idle": {
			"loop": true,
			"bones": {
				"group": {
					"rotation": [27.5, 7.5, -72.5],
					"position": [-5.67789, -18.0819, 1.34407]
				},
				"greatsword2": {
					"rotation": [9.92816, 60.09372, -36.17245],
					"position": [-0.04911, -10.59174, 25.17129]
				},
				"greatsword": {
					"rotation": [0, 0, 0],
					"position": [0, 0, 0],
					"scale": 1
				},
				"chaos_sword": {
					"rotation": [133.80616, 10.32183, 100.54361],
					"position": [-5.08022, -15.79137, -3.71806]
				},
				"knife": {
					"rotation": [10.99709, -12.14548, -92.93498],
					"position": [0, -24, 0]
				}
			}
		}
	}
}