{
	"format_version": "1.8.0",
	"animations": {
		"animation.demon_knife.fpp_idle": {
			"loop": true,
			"bones": {
				"group": {
					"rotation": [27.5, 7.5, -72.5],
					"position": [-5.67789, -18.0819, 1.34407]
				},
				"greatsword2": {
					"rotation": [9.92816, 60.09372, -36.17245],
					"position": [-0.04911, -10.59174, 25.17129]
				},
				"greatsword": {
					"rotation": [0, 0, 0],
					"position": [0, 0, 0],
					"scale": 1
				},
				"chaos_sword": {
					"rotation": [133.80616, 10.32183, 100.54361],
					"position": [-5.08022, -15.79137, -3.71806]
				},
				"knife": {
					"rotation": [10.99709, -12.14548, -92.93498],
					"position": [0, -24, 0]
				}
			}
		},
		"animation.demon_knife.slash": {
			"loop": "hold_on_last_frame",
			"animation_length": 0.625,
			"override_previous_animation": true,
			"bones": {
				"knife": {
					"rotation": {
						"0.0": [10.99709, -12.14548, -92.93498],
						"0.125": [53.35445, 52.25117, -160.89413],
						"0.2083": [81.93703, 49.96654, -159.36254],
						"0.375": [28.90335, 53.57684, -163.45365]
					},
					"position": {
						"0.0": [0, -24, 0],
						"0.2083": [0, 13, 0],
						"0.375": [0, -29, 0],
						"0.5": [0, -40, 0],
						"0.625": [0, -83, 0]
					}
				},
				"greatsword2": {
					"rotation": [9.92816, 60.09372, -36.17245],
					"position": [-0.04911, -10.59174, 25.17129]
				},
				"greatsword": {
					"rotation": {
						"0.0": [0, 0, 0],
						"0.125": [36.36197, 40.99047, -115.36357],
						"0.2083": [13.1767, 41.84093, -67.9334]
					},
					"position": {
						"0.0": [0, 0, 0],
						"0.125": [56.71786, 4.20867, 0.51407],
						"0.2083": [-1, 0, 0],
						"0.4167": [-23, 0, 0]
					},
					"scale": 1
				},
				"chaos_sword": {
					"rotation": {
						"0.0": [133.80616, 10.32183, 100.54361],
						"0.125": [53.35445, 52.25117, -160.89413],
						"0.2083": [81.93703, 49.96654, -159.36254],
						"0.375": [28.90335, 53.57684, -163.45365]
					},
					"position": {
						"0.0": [-5.08022, -15.79137, -3.71806],
						"0.125": [3.48428, -1.65578, 4.31626],
						"0.2083": [12.17627, 6.06204, 12.82978],
						"0.375": [3.20428, -30.82578, 3.37626],
						"0.5": [0, -40, 0],
						"0.625": [0, -83, 0]
					}
				}
			}
		},
		"animation.demon_knife.Jump_attack": {
			"loop": "hold_on_last_frame",
			"animation_length": 1,
			"override_previous_animation": true,
			"bones": {
				"greatsword2": {
					"rotation": [9.92816, 60.09372, -36.17245],
					"position": [-0.04911, -10.59174, 25.17129]
				},
				"greatsword": {
					"rotation": {
						"0.0": [0, 0, 0],
						"0.125": [49.71781, -6.11007, -1.97458],
						"0.25": [92.51224, -8.51182, -6.96913]
					},
					"position": {
						"0.0": [0, 0, 0],
						"0.0833": [-0.95363, 10.13212, -24.11288],
						"0.125": [-0.03491, 3.4733, -26.0724],
						"0.25": [11.02632, -10.05326, 24.95822]
					},
					"scale": 1
				},
				"knife": {
					"rotation": {
						"0.0": [10.99709, -12.14548, -92.93498],
						"0.0417": [9.76384, -4.81364, -72.72777],
						"0.0833": [86.78296, 2.25362, -81.26727],
						"0.1667": [131.41665, 8.91011, -80.04356]
					},
					"position": {
						"0.0": [0, -24, 0],
						"0.0417": [-13.07623, -8.80457, -20.44776],
						"0.1667": [16.40316, -15.48392, 14.22718]
					}
				},
				"chaos_sword": {
					"rotation": {
						"0.0": [133.80616, 10.32183, 100.54361],
						"0.0417": [43.16016, 5.55379, 110.36713],
						"0.2917": [21.12633, 7.0277, 112.90482]
					},
					"position": {
						"0.0": [-5.08022, -15.79137, -3.71806],
						"0.0417": [-27.38387, 6.81121, -28.08642],
						"0.2917": [19.40252, -19.84637, 21.20335]
					}
				}
			}
		},
		"animation.demon_sword.alt_attack": {
			"animation_length": 1,
			"bones": {
				"rightArm": {
					"rotation": {
						"0.0": [0, 0, 0],
						"0.0417": [0, 0, "v.is_first_person?0:80"],
						"0.125": ["v.is_first_person?0:62.5", 0, "v.is_first_person?0:80"],
						"0.2917": ["v.is_first_person?0:-97.5", 0, "v.is_first_person?0:80"],
						"0.4583": ["v.is_first_person?0:62.5", 0, "v.is_first_person?0:80"],
						"0.8333": [0, 0, "v.is_first_person?0:80"],
						"0.9583": [0, 0, 0]
					},
					"position": [0, 0, 0],
					"scale": 1
				}
			}
		},
		"animation.sword_tpp_swing": {
			"animation_length": 0.8,
			"bones": {
				"root": {
					"rotation": {
						"0.0": [0, 0, 0],
						"0.0667": [0, -19.75, 0],
						"0.2": [0, 26.25, 0],
						"0.3": [0, 35.75, 0],
						"0.4667": [0, 21, 0],
						"0.7": [0, 2.1, 0],
						"0.8": [0, 0, 0]
					},
					"position": {
						"0.0": [0, 0, 0],
						"0.0667": [0, 0, 0],
						"0.2": [0, -1.875, 0],
						"0.3": [0, -1.395, 0],
						"0.4667": [0, -1.9, 0],
						"0.7": [0, -0.19, 0],
						"0.8": [0, 0, 0]
					}
				},
				"waist": {
					"rotation": {
						"0.0": [0, 0, 0],
						"0.0667": [-7.25, -15, 1],
						"0.1333": [23.62, -12.25, -0.5],
						"0.2": [18.5, 6, 7.5],
						"0.3": [20.25, 10.25, 13],
						"0.4667": [15.25, 10.25, 7.75],
						"0.7": [1.53, 1.03, 0.77],
						"0.8": [0, 0, 0]
					},
					"position": {
						"0.0": [0, 0, 0],
						"0.0667": [0.44546, -0.0815, 0.04757],
						"0.2": [0.1443, -0.40505, 0.13271],
						"0.3": [0.14, -0.41, 0.13],
						"0.4667": [0.14, -0.41, 0.13],
						"0.7": [0.01, -0.04, 0.01],
						"0.8": [0, 0, 0]
					}
				},
				"leftArm": {
					"rotation": {
						"0.0": [0, 0, 0],
						"0.0667": [-29.75, 0, -58.5],
						"0.1333": [17.75, 0, -75],
						"0.2": [36.75, 0, -58.5],
						"0.3": [48.5, 0, -62.25],
						"0.4667": [29.25, -13.25, -71.75],
						"0.7": [2.93, -1.32, -7.17],
						"0.8": [0, 0, 0]
					},
					"position": {
						"0.0": [0, 0, 0],
						"0.0667": [0.0845, -0.05178, -1.43881],
						"0.2": [0.47373, -0.29128, 0.42461],
						"0.3": [0.47, -0.29, 0.42],
						"0.4667": [0.47, -0.29, 0.42],
						"0.7": [0.05, -0.03, 0.04],
						"0.8": [0, 0, 0]
					}
				},
				"rightArm": {
					"rotation": {
						"0.0": [0, 0, 0],
						"0.0667": [-114.75, -14.75, 60],
						"0.1333": [-99, 13, 89.25],
						"0.2": [33.75, 1.75, 95],
						"0.3": [30.75, 3, 93.5],
						"0.4667": [50.75, -2, 95.75],
						"0.7": [5.07, -0.2, 9.58],
						"0.8": [0, 0, 0]
					},
					"position": {
						"0.0": [0, 0, 0],
						"0.0667": [1.12865, 0.46174, -4.16237],
						"0.2": [-1.27304, 0.47259, -2.03062],
						"0.3": [-1.91542, 0.28839, 2.18075],
						"0.4667": [0.11683, -0.00607, 0.16222],
						"0.7": [0.01, 0, 0.02],
						"0.8": [0, 0, 0]
					}
				},
				"rightItem": {
					"rotation": {
						"0.0": [0, 0, 0],
						"0.0667": [0, 0, 0],
						"0.1333": [80.25, 0, 0],
						"0.2": [58.5, 0, 0],
						"0.3": [58.5, 0, 0],
						"0.4667": [58.5, 0, 0],
						"0.7": [5.85, 0, 0],
						"0.8": [0, 0, 0]
					},
					"position": {
						"0.0": [0, 0, 0],
						"0.0667": [0, 0, 0],
						"0.2": [0, 0, 0],
						"0.3": [0, 0, 0],
						"0.4667": [0, 0, 0],
						"0.7": [0, 0, 0],
						"0.8": [0, 0, 0]
					}
				},
				"Weapon": {
					"rotation": {
						"0.0": [0, 0, 0],
						"0.0667": [0, 0, 0],
						"0.2": [0, 0, 0],
						"0.3": [0, 0, 0],
						"0.4667": [0, 0, 0],
						"0.7": [0, 0, 0],
						"0.8": [0, 0, 0]
					}
				},
				"bone": {
					"rotation": {
						"0.0": [0, 0, 0],
						"0.0667": [0, 0, 0],
						"0.2": [0, 0, 0],
						"0.3": [0, 0, 0],
						"0.4667": [0, 0, 0],
						"0.7": [0, 0, 0],
						"0.8": [0, 0, 0]
					},
					"position": {
						"0.0": [0, 0, 0],
						"0.0667": [0, 0, 0],
						"0.2": [0, 0, 0],
						"0.3": [0, 0, 0],
						"0.4667": [0, 0, 0],
						"0.7": [0, 0, 0],
						"0.8": [0, 0, 0]
					}
				}
			}
		},
		"animation.demon_sword.jump_attack": {
			"loop": "hold_on_last_frame",
			"animation_length": 0.875,
			"bones": {
				"rightArm": {
					"rotation": {
						"0.0": [0, 0, 0],
						"0.0625": [-177.5, 0, 0],
						"0.375": [25.96, 0, 0],
						"0.875": ["v.is_first_person?0:-175", 0, 0]
					}
				},
				"rightItem": {
					"rotation": {
						"0.0": [0, 0, 0],